setup,g_mean_lambda,g_mean_m,regret,V_mean,V_min,V_max
rollout,0.9,0.5,0.0008544921875,6076.2255859375,1266.0396728515625,14340.703125
walking,1.8,1.0,100.67060852050781,8454.9375,3837.331787109375,13567.859375
