setup,cap_final,ret_acum
RG_rollout,5743.647015113929,-0.42563529848860704
RG_walking,20300.485647924495,1.0300485647924496
OPT_base,29649.686432838993,1.9649686432838993
Naive_RB,7378.7629874935155,-0.26212370125064843
Naive_BH,7424.520398984316,-0.25754796010156844
