escenario,corr_SPX_CMC200
s=0 (OOS),0.9867822168373106
s=1 (OOS),0.9898661576726434
s=2 (OOS),0.9851313679474606
s=3 (OOS),0.9848915014801232
s=4 (OOS),0.9909744515778814
historico (toda la serie),0.3106694250732283
