tipo,lambda,m,regret
g_mean,0.3,0.5,0.0028320313431322575
g_worst,1.8,1.0,0.0068359375
