politica,cap_final,ret_acum
OPT base,29649.686432838993,1.9649686432838993
RG g*_mean,5743.647015113929,-0.42563529848860704
Naive RB,7378.7629874935155,-0.26212370125064843
Naive BH,7424.520398984316,-0.25754796010156844
