Capital_inicial,g_mean_lambda,g_mean_m,mean_regret,V_mean_scenarios,V_min,V_max,ret_avg_scenarios,mu_mix_SPX_mean_pct,mu_mix_SPX_std_pct,p_bull_SPX_mean,p_bull_SPX_std,w_SPX_mean,w_SPX_std,mu_mix_CMC200_mean_pct,mu_mix_CMC200_std_pct,p_bull_CMC200_mean,p_bull_CMC200_std,w_CMC200_mean,w_CMC200_std
10000.0,0.9,0.5,0.0008544921875,6076.2255859375,1266.0396728515625,14340.703125,-0.39237743616104126,0.20122607238590717,0.0,0.5999999046325684,9.566132348481915e-07,1.8467213865670178e-07,4.998060174696814e-09,0.5243095569312572,0.0,0.5999999046325684,9.566132348481915e-07,0.9999998153278614,4.998060171995218e-09
