source,asset,regime,mu_hat_pct
p_sign,SPX,bear,-1.2771433576463416
p_sign,SPX,bull,1.1868055893518519
p_sign,CMC200,bear,-3.8526825690487807
p_sign,CMC200,bull,3.4423043745185185
p_hist,SPX,bear,-0.31400366779210725
p_hist,SPX,bull,0.17141159086559474
p_hist,CMC200,bear,-1.494180059146066
p_hist,CMC200,bull,0.8737554565629225
p_dl,SPX,bear,-0.14722859732969873
p_dl,SPX,bull,0.13081760987132607
p_dl,CMC200,bear,-0.734879935266195
p_dl,CMC200,bull,0.42652616377547675
