source,g_mean_lambda,g_mean_m,regret,V_mean,V_min,V_max,ret_avg
p_sign,1.8,1.0,100.67060852050781,8454.9375,3837.331787109375,13567.859375,-0.15450626611709595
p_hist,0.9,0.5,81.3555679321289,10662.4794921875,4911.25439453125,17899.98828125,0.06624794006347656
p_dl,0.3,0.5,74.9800796508789,10567.8173828125,4939.2587890625,17727.4453125,0.056781768798828125
