setup,cap_final,ret_acum
OPT_base,29649.686432838993,1.9649686432838993
Naive_RB,7378.7629874935155,-0.26212370125064843
Naive_BH,7424.520398984316,-0.25754796010156844
RG_p_sign,20300.485647924495,1.0300485647924496
RG_p_hist,12073.680668348385,0.20736806683483855
RG_p_dl,11281.391274312524,0.12813912743125244
