asset,grupo,n,mean,median,std,min,max
SPX,candidatos,1000,0.38097941875457764,0.25901782512664795,0.7086137533187866,-0.7982844710350037,4.148160934448242
SPX,reps_5,5,0.34162968397140503,0.25981128215789795,0.5785433053970337,-0.401938259601593,1.293705940246582
SPX,historico,1,0.2984997034072876,0.2984997034072876,0.0,0.2984997034072876,0.2984997034072876
CMC200,candidatos,1000,0.5164636373519897,-0.028075367212295532,1.6512664556503296,-0.9307971000671387,15.858163833618164
CMC200,reps_5,5,1.9321510791778564,-0.011618614196777344,4.119046211242676,-0.8961571455001831,9.995944023132324
CMC200,historico,1,-0.13184195756912231,-0.13184195756912231,0.0,-0.13184195756912231,-0.13184195756912231
