asset,feature,pearson_r
SPX,window_mean,-0.060535779067850466
SPX,window_std,0.12492705622106681
SPX,last_return,0.0874769757363401
CMC200,window_mean,0.10190352167636325
CMC200,window_std,-0.13219473728263664
CMC200,last_return,0.08898647020838314
