s,V_dl,V_base,delta,ret_dl_%,ret_base_%
0,23897.32421875,46620.62109375,22723.296875,138.97323608398438,366.2062072753906
1,8212.7666015625,4621.73046875,-3591.0361328125,-17.872333526611328,-53.78269577026367
2,16862.333984375,14859.9609375,-2002.373046875,68.62333679199219,48.599613189697266
3,11234.6259765625,4134.66259765625,-7099.96337890625,12.346256256103516,-58.653377532958984
4,24845.0,25252.470703125,407.470703125,148.4499969482422,152.5247039794922
mean,17010.41015625,19097.888671875,2087.478515625,70.10409545898438,90.9788818359375
worst,8212.7666015625,4134.66259765625,-4078.10400390625,-17.872333984375,-58.6533740234375
